id,username,password,enabled,role,first_name,last_name,email,address_id,image_url,about_me,create_date,latitude,longitude
1,admin,$2a$10$nShOi5/f0bKNvHB8x0u3qOpeivazbuN0NE4TO0LGvQiTMafaBxLJS,1,admin,John,Doe,jdoe@gmail.com,61,NULL,"just a silly goofy","2023-08-27 11:00:00",34.733862,-105.680433
2,Alice123,$2a$10$KQgnO0rrm.hjSb5bm6eTOe3q3AeM6tx5MZWG1yxweIMXmGs6pgA6K,1,admin,Alice,Johnson,alice@example.com,62,http://fakeurl.com/alice.jpg,"Passionate about coding and coffee","2023-08-27 10:15:00",38.514364,-110.765645
3,Bob456,$2a$10$VH9aQBsEKf5cW4TjUdG2lOoVmXw0tS3b0lF6EGeqV9ZrVlty3RGWm,1,user,Bob,Smith,bob@example.com,63,http://fakeurl.com/bob.jpg,"Adventurer and book lover","2023-08-26 14:30:00",37.861189,-121.984608
4,Charlie789,$2a$10$FLCvj5HXphZS6EojK4FZIu1mN4UePmeOTiJl/EhEUCp5X8pB1zJXm,1,user,Charlie,Brown,charlie@example.com,64,http://fakeurl.com/charlie.jpg,"Foodie at heart","2023-08-25 09:45:00",44.694011,-123.162729
5,David987,$2a$10$X65NzNOeqoOHj4jp5jSxIuKQCMUbTmf9Eg5Fjx3aHIlrXcDV5uv9O,1,user,David,Miller,david@example.com,65,http://fakeurl.com/david.jpg,"Music is life","2023-08-24 18:20:00",38.854244,-105.049779
6,William01,$2a$10$Y7vRuTtVdc.I81C6ffD6mOxVT0v4Zw6iBCChLQabqz4hqFdjLsDD6,1,user,William,Johnson,william@example.com,66,http://fakeurl.com/william.jpg,"Explorer of nature and wildlife","2023-08-18 19:25:00",31.737163,-98.739461
7,Maximus34,$2a$10$Ur.PcAHusntaK08LB9y.KufAKU9Xa.Nb3YPmQg2hvBtJBJVlw6j5i,1,user,Maximus,Smith,maximus@example.com,67,http://fakeurl.com/maximus.jpg,"Adventurer with a love for the outdoors","2023-08-26 09:45:00",33.800536,-83.946143
8,Olivia87,$2a$10$EQLKcFGKpLO3b/jH0/W1..aXrJHroPsTqGwN1rCO0WEg7yTrQ3TDe,1,user,Olivia,Brown,olivia@example.com,68,http://fakeurl.com/olivia.jpg,"Bookworm and tea enthusiast","2023-08-25 12:15:00",35.841274,-78.417964
9,Leo123,$2a$10$qJTptnD2bwg.sq2bUCRuj.59m0dwwgrsI5N9z/9aSxOorWpOwv.kG,1,user,Leo,Miller,leo@example.com,69,http://fakeurl.com/leo.jpg,"Music lover and aspiring guitarist","2023-08-24 14:20:00",28.051661,-81.484664
10,Ava456,$2a$10$az4pIK7qPVq7b/cnPG2Zr.Z9Zi7p9DZ4Pqr7gEmO5uSfZ7FfUn0nW,1,user,Ava,Johnson,ava@example.com,10,http://fakeurl.com/ava.jpg,"Foodie exploring flavors from around the world","2023-08-23 17:10:00",32.640416,-86.396264
11,alyssa45,hNMeS,1,user,Alyssa,Alex,alyssa.alex@yahoo.com,11,http://fakeimages.com/alyssa_alex.jpg,"creative honest professional knowledgeable.","2023-08-28 17:58:16",24.585979704375077,-100.15655903667111
12,nicholas50,NDKMd,1,user,Nicholas,Sarah,nicholas.sarah@yahoo.com,12,http://fakeimages.com/nicholas_sarah.jpg,"patient smart passionate foodie open-minded.","2023-08-28 17:58:16",35.06372658773288,-99.74720718499823
13,samuel10,cck3b,1,user,Samuel,Kayla,samuel.kayla@yahoo.com,13,http://fakeimages.com/samuel_kayla.jpg,"patient ambitious supportive passionate trustworthy.","2023-08-28 17:58:16",40.211269024899316,-75.53629977600164
14,jacob24,N7ods,1,user,Jacob,Megan,jacob.megan@yahoo.com,14,http://fakeimages.com/jacob_megan.jpg,"genuine athletic dog-lover.","2023-08-28 17:58:16",37.29905382637888,-74.65583624489031
15,sarah16,avgFs,1,user,Sarah,John,sarah.john@gmail.com,15,http://fakeimages.com/sarah_john.jpg,"committed passionate meticulous foodie easy-going.","2023-08-28 17:58:16",39.45593306494423,-108.69328727289509
16,jonathan58,NEW9k,1,user,Jonathan,Samuel,jonathan.samuel@yahoo.com,16,http://fakeimages.com/jonathan_samuel.jpg,"musician meticulous nature-lover passionate motivated open-minded.","2023-08-28 17:58:16",37.59323652618055,-67.35261422312993
17,nathan20,8NnGQ,1,user,Nathan,Justin,nathan.justin@yahoo.com,17,http://fakeimages.com/nathan_justin.jpg,"innovative musician funny intelligent nature-lover.","2023-08-28 17:58:16",44.917612029604,-86.68644207422211
18,john27,PjMTf,1,user,John,Brianna,john.brianna@hotmail.com,18,http://fakeimages.com/john_brianna.jpg,"sincere supportive patient.","2023-08-28 17:58:16",44.641692411628505,-116.49627358049503
19,ryan96,2lccz,1,user,Ryan,Heather,ryan.heather@hotmail.com,19,http://fakeimages.com/ryan_heather.jpg,"foodie adventurous supportive outgoing genuine intelligent.","2023-08-28 17:58:16",32.11559352747053,-106.8012995704721
20,lauren73,Gmpfo,1,user,Lauren,Nathan,lauren.nathan@hotmail.com,20,http://fakeimages.com/lauren_nathan.jpg,"tech-savvy ambitious dedicated supportive.","2023-08-28 17:58:16",38.321095988441506,-75.67726045118232
21,tyler45,hT37n,1,user,Tyler,Nathan,tyler.nathan@hotmail.com,21,http://fakeimages.com/tyler_nathan.jpg,"thoughtful passionate friendly loyal.","2023-08-28 17:58:16",36.14937885275977,-102.01683919889949
22,hannah49,QRUwq,1,user,Hannah,Megan,hannah.megan@gmail.com,22,http://fakeimages.com/hannah_megan.jpg,"talented honest determined professional tech-savvy dog-lover.","2023-08-28 17:58:16",38.67763879537266,-118.95423864533149
23,victoria44,lk5GJ,1,user,Victoria,Amanda,victoria.amanda@yahoo.com,23,http://fakeimages.com/victoria_amanda.jpg,"responsible tech-savvy easy-going genuine.","2023-08-28 17:58:16",48.998374825287456,-74.52042429647392
24,dylan45,8hGBW,1,user,Dylan,Daniel,dylan.daniel@yahoo.com,24,http://fakeimages.com/dylan_daniel.jpg,"down-to-earth caring supportive.","2023-08-28 17:58:16",42.587541220951934,-67.03111155959846
25,jessica96,izIGH,1,user,Jessica,Megan,jessica.megan@yahoo.com,25,http://fakeimages.com/jessica_megan.jpg,"confident innovative loyal.","2023-08-28 17:58:16",33.860732395938186,-117.507940818589
26,taylor62,fvgIC,1,user,Taylor,Jessica,taylor.jessica@hotmail.com,26,http://fakeimages.com/taylor_jessica.jpg,"dedicated caring funny professional outgoing.","2023-08-28 17:58:16",40.4251383402481,-109.07371277667337
27,samuel27,w16My,1,user,Samuel,James,samuel.james@yahoo.com,27,http://fakeimages.com/samuel_james.jpg,"sincere supportive smart thoughtful enthusiastic open-minded.","2023-08-28 17:58:16",46.64695878046611,-116.66897126544774
28,rachel94,UHucR,1,user,Rachel,Joseph,rachel.joseph@hotmail.com,28,http://fakeimages.com/rachel_joseph.jpg,"tech-savvy enthusiastic dedicated hard-working professional.","2023-08-28 17:58:16",48.48410199054622,-82.0446076839628
29,daniel13,eg6px,1,user,Daniel,Amanda,daniel.amanda@yahoo.com,29,http://fakeimages.com/daniel_amanda.jpg,"hard-working reliable determined.","2023-08-28 17:58:16",37.18701965675181,-101.1276350725719
30,jonathan71,dyPV2,1,user,Jonathan,Jacob,jonathan.jacob@yahoo.com,30,http://fakeimages.com/jonathan_jacob.jpg,"innovative talented ambitious committed.","2023-08-28 17:58:16",40.94867922398609,-116.16466892946771
31,amanda37,w2aHB,1,user,Amanda,Courtney,amanda.courtney@gmail.com,31,http://fakeimages.com/amanda_courtney.jpg,"supportive musician motivated creative down-to-earth determined.","2023-08-28 17:58:16",47.26074752722392,-98.4518666582745
32,hannah33,Fywh2,1,user,Hannah,James,hannah.james@hotmail.com,32,http://fakeimages.com/hannah_james.jpg,"respectful responsible curious nature-lover determined genuine.","2023-08-28 17:58:16",26.97932093311346,-87.4074893962345
33,brandon20,eReUg,1,user,Brandon,Elizabeth,brandon.elizabeth@hotmail.com,33,http://fakeimages.com/brandon_elizabeth.jpg,"adventurous honest innovative easy-going smart.","2023-08-28 17:58:16",28.628652313000135,-79.4191484822449
34,kayla76,GSnEn,1,user,Kayla,Andrew,kayla.andrew@yahoo.com,34,http://fakeimages.com/kayla_andrew.jpg,"motivated outgoing supportive.","2023-08-28 17:58:16",30.615060547636638,-81.37731520280789
35,ashley25,T6W7s,1,user,Ashley,Courtney,ashley.courtney@hotmail.com,35,http://fakeimages.com/ashley_courtney.jpg,"ambitious optimistic patient honest adventurous.","2023-08-28 17:58:16",34.91847786167214,-108.08155073875058
36,megan18,G7E35,1,user,Megan,Zachary,megan.zachary@yahoo.com,36,http://fakeimages.com/megan_zachary.jpg,"adventurous responsible hard-working talented open-minded passionate.","2023-08-28 17:58:16",32.234896673056475,-110.53755238496905
37,brandon55,QZqVj,1,user,Brandon,Joseph,brandon.joseph@yahoo.com,37,http://fakeimages.com/brandon_joseph.jpg,"dynamic honest energetic talented ambitious.","2023-08-28 17:58:16",47.88929369959718,-80.03180807845581
38,matthew24,u1GHE,1,user,Matthew,Rachel,matthew.rachel@gmail.com,38,http://fakeimages.com/matthew_rachel.jpg,"confident supportive innovative musician loyal.","2023-08-28 17:58:16",29.268473415157715,-80.1021439600507
39,emily50,XRDlP,1,user,Emily,Lauren,emily.lauren@gmail.com,39,http://fakeimages.com/emily_lauren.jpg,"hard-working easy-going dynamic determined trustworthy.","2023-08-28 17:58:16",45.35056934246141,-90.89743842398137
40,joseph44,uP4Gb,1,user,Joseph,Jasmine,joseph.jasmine@yahoo.com,40,http://fakeimages.com/joseph_jasmine.jpg,"respectful committed tech-savvy patient genuine.","2023-08-28 17:58:16",37.95084641884082,-105.90281477735022
41,taylor12,a903l,1,user,Taylor,Christopher,taylor.christopher@gmail.com,41,http://fakeimages.com/taylor_christopher.jpg,"intelligent easy-going athletic friendly tech-savvy.","2023-08-28 17:58:16",39.9392459285367,-91.56640934560423
42,taylor21,nOYKe,1,user,Taylor,Zachary,taylor.zachary@gmail.com,42,http://fakeimages.com/taylor_zachary.jpg,"generous dedicated kind innovative outgoing thoughtful.","2023-08-28 17:58:16",39.97496612051397,-72.19960784221072
43,brandon62,nsypW,1,user,Brandon,Hannah,brandon.hannah@hotmail.com,43,http://fakeimages.com/brandon_hannah.jpg,"foodie down-to-earth innovative genuine respectful loyal.","2023-08-28 17:58:16",38.436290174093585,-102.80276172791955
44,tyler13,tm3Y0,1,user,Tyler,Kayla,tyler.kayla@gmail.com,44,http://fakeimages.com/tyler_kayla.jpg,"talented honest traveler dynamic dog-lover.","2023-08-28 17:58:16",37.16026362415869,-88.32897237611257
45,tyler50,471Am,1,user,Tyler,Danielle,tyler.danielle@hotmail.com,45,http://fakeimages.com/tyler_danielle.jpg,"responsible confident enthusiastic dynamic foodie.","2023-08-28 17:58:16",43.046765330374384,-100.02659142952533
46,hannah40,Iez1i,1,user,Hannah,Ashley,hannah.ashley@hotmail.com,46,http://fakeimages.com/hannah_ashley.jpg,"loyal determined enthusiastic.","2023-08-28 17:58:16",45.37293489907617,-120.25790550578148
47,ryan87,dGxqG,1,user,Ryan,Heather,ryan.heather@yahoo.com,47,http://fakeimages.com/ryan_heather.jpg,"easy-going traveler funny.","2023-08-28 17:58:16",43.86999054079965,-108.42549791412073
48,alyssa10,AsJhJ,1,user,Alyssa,Heather,alyssa.heather@hotmail.com,48,http://fakeimages.com/alyssa_heather.jpg,"dedicated reliable trustworthy smart easy-going.","2023-08-28 17:58:16",37.81786433567063,-93.53674034186767
49,james88,lH4D9,1,user,James,Samuel,james.samuel@gmail.com,49,http://fakeimages.com/james_samuel.jpg,"knowledgeable dynamic motivated.","2023-08-28 17:58:16",48.4695032782262,-119.1965446426177
50,elizabeth19,HsjyO,1,user,Elizabeth,Sarah,elizabeth.sarah@gmail.com,50,http://fakeimages.com/elizabeth_sarah.jpg,"tech-savvy knowledgeable funny friendly.","2023-08-28 17:58:16",40.00990559391465,-113.99770723808454
51,elizabeth87,UFHiW,1,user,Elizabeth,Courtney,elizabeth.courtney@gmail.com,51,http://fakeimages.com/elizabeth_courtney.jpg,"passionate innovative patient genuine sincere.","2023-08-28 17:58:16",26.49051393706425,-101.15858444277592
52,robert58,d4iZL,1,user,Robert,Alex,robert.alex@gmail.com,52,http://fakeimages.com/robert_alex.jpg,"open-minded dedicated sincere.","2023-08-28 17:58:16",43.7506744533347,-90.4844880373769
53,alexis56,pJQOm,1,user,Alexis,Courtney,alexis.courtney@yahoo.com,53,http://fakeimages.com/alexis_courtney.jpg,"thoughtful sincere reliable.","2023-08-28 17:58:16",29.681949003655753,-110.26035132516432
54,samuel87,Fs9YI,1,user,Samuel,Emily,samuel.emily@gmail.com,54,http://fakeimages.com/samuel_emily.jpg,"responsible innovative passionate patient funny dog-lover.","2023-08-28 17:58:16",39.17610998016751,-120.89638086276663
55,alex18,eH3Kp,1,user,Alex,Emily,alex.emily@hotmail.com,55,http://fakeimages.com/alex_emily.jpg,"reliable hard-working enthusiastic professional intelligent.","2023-08-28 17:58:16",40.82466074043121,-82.01142138230585
56,robert70,Extxy,1,user,Robert,Benjamin,robert.benjamin@gmail.com,56,http://fakeimages.com/robert_benjamin.jpg,"generous thoughtful sincere easy-going ambitious open-minded.","2023-08-28 17:58:16",35.544939039413364,-71.73646878586653
57,rachel27,iKGB4,1,user,Rachel,Nicholas,rachel.nicholas@yahoo.com,57,http://fakeimages.com/rachel_nicholas.jpg,"committed friendly loyal dog-lover adventurous.","2023-08-28 17:58:16",46.590451011896924,-114.33396197043496
58,john87,p2MUw,1,user,John,Brandon,john.brandon@hotmail.com,58,http://fakeimages.com/john_brandon.jpg,"friendly determined sincere innovative funny traveler.","2023-08-28 17:58:16",40.903463207125,-101.765351758618
59,tyler32,OZTFJ,1,user,Tyler,Dylan,tyler.dylan@hotmail.com,59,http://fakeimages.com/tyler_dylan.jpg,"intelligent hard-working athletic professional.","2023-08-28 17:58:16",46.101024692313246,-81.34185722264405
60,daniel24,vVJAq,1,user,Daniel,Joseph,daniel.joseph@yahoo.com,60,http://fakeimages.com/daniel_joseph.jpg,"dedicated honest outgoing sincere committed athletic.","2023-08-28 17:58:16",33.55900004777726,-75.79209083369764
